{
  "model_1": {
    "path": "runs/wp5_baseline_full_20260127_184618/best.ckpt",
    "fp32": {
      "precision": "FP32",
      "mean_ms": 17.385717649012804,
      "std_ms": 0.023560015400968297,
      "min_ms": 17.34953001141548,
      "max_ms": 17.48473569750786,
      "median_ms": 17.37980218604207,
      "throughput_fps": 57.518476958400505
    },
    "amp": {
      "precision": "AMP",
      "mean_ms": 33.71097780764103,
      "std_ms": 0.0567478685727907,
      "min_ms": 33.650970086455345,
      "max_ms": 33.93090981990099,
      "median_ms": 33.69362559169531,
      "throughput_fps": 29.663927451351977
    }
  },
  "model_2": {
    "path": "pruning/output/pruned_50pct.ckpt",
    "fp32": {
      "precision": "FP32",
      "mean_ms": 6.310026329010725,
      "std_ms": 0.03197219564025823,
      "min_ms": 6.271868012845516,
      "max_ms": 6.477628834545612,
      "median_ms": 6.303547415882349,
      "throughput_fps": 158.4779441255958
    },
    "amp": {
      "precision": "AMP",
      "mean_ms": 16.93664750084281,
      "std_ms": 0.11028433899688708,
      "min_ms": 16.8393412604928,
      "max_ms": 17.328869551420212,
      "median_ms": 16.89230604097247,
      "throughput_fps": 59.04356218963862
    }
  },
  "speedup_fp32": 2.755252790163636
}